Image 1 ID,Image 2 ID,Matches Weight
15,16,0.0013850415512465374
20,21,0.0014367816091954023
28,29,0.001443001443001443
16,17,0.0014534883720930232
14,15,0.00145985401459854
21,22,0.0015015015015015015
11,12,0.0015337423312883436
34,35,0.001557632398753894
27,28,0.0015723270440251573
63,64,0.001589825119236884
47,48,0.0015923566878980893
60,61,0.0016
22,23,0.0016051364365971107
23,24,0.0016207455429497568
35,36,0.0016286644951140066
33,34,0.0016339869281045752
17,18,0.0016366612111292963
29,30,0.001639344262295082
41,42,0.0016474464579901153
30,31,0.0016806722689075631
19,20,0.0016891891891891893
61,62,0.0017064846416382253
42,43,0.0017331022530329288
32,33,0.0017331022530329288
48,49,0.0017482517482517483
37,38,0.0017574692442882249
25,26,0.0017921146953405018
18,19,0.0017953321364452424
10,11,0.0018181818181818182
44,45,0.0018181818181818182
13,14,0.0018315018315018315
15,17,0.001838235294117647
45,46,0.001841620626151013
39,40,0.00186219739292365
9,10,0.001869158878504673
46,47,0.0018726591760299626
36,37,0.001876172607879925
62,63,0.0018867924528301887
31,32,0.0018975332068311196
49,50,0.0019011406844106464
38,39,0.0019047619047619048
26,27,0.0019157088122605363
40,41,0.0019230769230769232
51,52,0.001937984496124031
40,42,0.0019569471624266144
3,4,0.00196078431372549
59,60,0.001976284584980237
1,2,0.001984126984126984
34,36,0.0019880715705765406
14,16,0.0019880715705765406
28,30,0.0019880715705765406
4,5,0.002
6,7,0.0020161290322580645
27,29,0.0020325203252032522
44,46,0.002036659877800407
43,44,0.0020491803278688526
50,51,0.002066115702479339
58,59,0.002066115702479339
41,43,0.002070393374741201
2,3,0.002070393374741201
43,45,0.002074688796680498
36,64,0.0020833333333333333
29,31,0.0020833333333333333
35,63,0.0020920502092050207
7,8,0.0020964360587002098
20,22,0.002109704641350211
36,63,0.0021141649048625794
55,56,0.0021231422505307855
47,49,0.0021231422505307855
52,53,0.0021413276231263384
34,63,0.0021551724137931034
61,63,0.0021598272138228943
56,57,0.0021691973969631237
60,62,0.002183406113537118
35,64,0.0021929824561403508
32,34,0.0022026431718061676
62,64,0.0022026431718061676
22,24,0.0022026431718061676
39,41,0.0022123893805309734
33,35,0.0022172949002217295
37,64,0.0022172949002217295
33,61,0.0022172949002217295
10,12,0.0022222222222222222
5,6,0.0022271714922048997
42,44,0.002232142857142857
31,33,0.0022371364653243847
53,54,0.0022471910112359553
24,25,0.0022471910112359553
42,45,0.0022471910112359553
1,64,0.0022522522522522522
19,21,0.002257336343115124
2,39,0.002288329519450801
35,37,0.002288329519450801
35,62,0.002288329519450801
26,28,0.002304147465437788
8,9,0.0023094688221709007
43,46,0.0023148148148148147
2,38,0.0023148148148148147
16,18,0.0023148148148148147
34,62,0.0023148148148148147
12,13,0.002331002331002331
45,47,0.002347417840375587
13,15,0.002352941176470588
34,61,0.002364066193853428
32,61,0.002369668246445498
46,48,0.0023752969121140144
39,42,0.002398081534772182
2,4,0.002398081534772182
33,62,0.0024096385542168677
1,37,0.0024154589371980675
57,58,0.002421307506053269
30,32,0.002421307506053269
36,62,0.0024271844660194173
38,40,0.0024390243902439024
34,64,0.0024390243902439024
37,63,0.0024390243902439024
4,42,0.0024449877750611247
33,60,0.0024509803921568627
36,38,0.002457002457002457
21,23,0.0024630541871921183
25,27,0.0024630541871921183
35,61,0.0024691358024691358
38,64,0.0024691358024691358
3,40,0.0024752475247524753
40,43,0.0024813895781637717
32,60,0.0024875621890547263
37,39,0.0024937655860349127
14,17,0.002506265664160401
1,38,0.002506265664160401
4,41,0.002506265664160401
23,25,0.002512562814070352
54,55,0.002512562814070352
3,39,0.0025188916876574307
61,64,0.0025252525252525255
31,60,0.0025252525252525255
4,40,0.002531645569620253
48,50,0.002531645569620253
1,63,0.0025380710659898475
4,43,0.0025575447570332483
33,63,0.002570694087403599
59,61,0.002570694087403599
42,46,0.002570694087403599
2,40,0.002577319587628866
33,36,0.002583979328165375
2,64,0.0025906735751295338
44,47,0.0025974025974025974
30,60,0.002617801047120419
41,44,0.0026246719160104987
4,6,0.0026246719160104987
36,61,0.002631578947368421
17,19,0.002638522427440633
2,37,0.0026455026455026454
28,31,0.002652519893899204
24,26,0.002652519893899204
29,59,0.002652519893899204
31,61,0.002652519893899204
60,63,0.0026595744680851063
50,52,0.0026666666666666666
6,46,0.0026666666666666666
34,37,0.002680965147453083
29,58,0.002702702702702703
58,60,0.002702702702702703
34,60,0.0027100271002710027
5,44,0.00273224043715847
5,42,0.0027397260273972603
30,59,0.0027397260273972603
15,18,0.0027397260273972603
32,62,0.0027397260273972603
35,38,0.0027472527472527475
18,20,0.0027472527472527475
4,39,0.0027624309392265192
28,58,0.0027624309392265192
3,42,0.0027624309392265192
41,45,0.0027624309392265192
3,41,0.002777777777777778
3,5,0.002777777777777778
31,59,0.002785515320334262
38,41,0.002793296089385475
5,43,0.0028011204481792717
38,63,0.0028011204481792717
32,35,0.0028011204481792717
1,36,0.0028089887640449437
7,9,0.0028169014084507044
60,64,0.0028169014084507044
1,39,0.0028169014084507044
8,10,0.002824858757062147
38,42,0.0028328611898017
30,33,0.002849002849002849
4,45,0.002849002849002849
3,38,0.002857142857142857
4,44,0.002857142857142857
5,7,0.0028735632183908046
35,60,0.002890173410404624
27,30,0.002890173410404624
7,47,0.002890173410404624
28,59,0.002898550724637681
6,45,0.002898550724637681
3,43,0.002898550724637681
30,58,0.002898550724637681
43,47,0.002898550724637681
1,35,0.0029069767441860465
6,8,0.0029069767441860465
25,28,0.0029154518950437317
56,58,0.0029154518950437317
41,46,0.0029154518950437317
37,40,0.0029239766081871343
40,44,0.0029239766081871343
39,43,0.0029239766081871343
29,32,0.0029239766081871343
6,44,0.0029239766081871343
2,63,0.002932551319648094
33,64,0.002932551319648094
5,45,0.0029498525073746312
55,57,0.002967359050445104
51,53,0.002967359050445104
45,48,0.0029850746268656717
11,13,0.0029850746268656717
1,3,0.0029940119760479044
12,14,0.0029940119760479044
26,29,0.003003003003003003
32,63,0.0030211480362537764
49,51,0.0030303030303030303
32,36,0.00303951367781155
30,61,0.0030581039755351682
5,41,0.0030581039755351682
2,41,0.003067484662576687
6,43,0.003067484662576687
19,22,0.0030864197530864196
42,47,0.0030864197530864196
32,59,0.0030864197530864196
7,46,0.0030959752321981426
1,62,0.0030959752321981426
47,50,0.003105590062111801
37,61,0.003105590062111801
4,38,0.003105590062111801
36,39,0.003115264797507788
36,60,0.003115264797507788
54,56,0.003125
26,56,0.003134796238244514
27,57,0.003134796238244514
33,37,0.0031446540880503146
34,38,0.0031446540880503146
29,60,0.0031645569620253164
31,34,0.0031746031746031746
5,46,0.0031746031746031746
2,42,0.0031847133757961785
2,36,0.0031847133757961785
9,11,0.0031847133757961785
57,59,0.003194888178913738
59,62,0.003194888178913738
6,47,0.003194888178913738
4,7,0.003205128205128205
28,57,0.003215434083601286
39,64,0.003215434083601286
44,48,0.003215434083601286
31,62,0.0032258064516129032
20,23,0.003236245954692557
7,45,0.003246753246753247
23,26,0.003246753246753247
37,62,0.003257328990228013
25,56,0.003257328990228013
2,35,0.003257328990228013
27,58,0.003257328990228013
21,24,0.0032679738562091504
39,44,0.0032679738562091504
18,21,0.003278688524590164
5,40,0.003278688524590164
46,49,0.003289473684210526
22,25,0.0033003300330033004
1,61,0.0033003300330033004
3,6,0.0033112582781456954
52,54,0.0033112582781456954
6,42,0.0033112582781456954
2,5,0.0033333333333333335
1,40,0.0033444816053511705
37,42,0.0033444816053511705
27,56,0.0033444816053511705
38,62,0.003355704697986577
4,46,0.003355704697986577
31,58,0.003355704697986577
40,45,0.003367003367003367
13,16,0.0033783783783783786
3,37,0.003389830508474576
3,64,0.003436426116838488
41,47,0.003436426116838488
7,48,0.0034482758620689655
33,38,0.0034482758620689655
32,64,0.0034482758620689655
58,61,0.0034482758620689655
1,34,0.0034602076124567475
30,34,0.003472222222222222
35,39,0.003472222222222222
32,37,0.003484320557491289
7,44,0.003484320557491289
43,48,0.0034965034965034965
39,63,0.0034965034965034965
26,57,0.0035211267605633804
33,59,0.0035211267605633804
1,4,0.0035211267605633804
3,44,0.0035211267605633804
38,43,0.0035335689045936395
6,41,0.0035460992907801418
38,61,0.0035460992907801418
25,55,0.0035587188612099642
31,35,0.0035587188612099642
7,42,0.0035842293906810036
28,56,0.0035971223021582736
24,27,0.0035971223021582736
4,37,0.0035971223021582736
2,43,0.0036101083032490976
59,63,0.0036101083032490976
5,47,0.0036101083032490976
31,36,0.0036231884057971015
7,43,0.0036231884057971015
37,41,0.0036231884057971015
27,59,0.0036231884057971015
1,60,0.0036496350364963502
2,62,0.0036496350364963502
29,57,0.003676470588235294
1,33,0.003676470588235294
40,46,0.003676470588235294
29,61,0.0036900369003690036
2,34,0.0036900369003690036
42,48,0.003703703703703704
6,9,0.003703703703703704
30,62,0.003703703703703704
33,39,0.0037174721189591076
28,60,0.0037313432835820895
37,60,0.0037313432835820895
2,61,0.0037313432835820895
16,19,0.0037313432835820895
7,10,0.0037313432835820895
36,40,0.003745318352059925
5,39,0.003745318352059925
1,32,0.0037593984962406013
6,48,0.0037593984962406013
26,30,0.0037593984962406013
31,63,0.0037593984962406013
26,55,0.0037593984962406013
27,31,0.0037593984962406013
53,55,0.0037593984962406013
2,60,0.0037735849056603774
11,14,0.0037735849056603774
3,45,0.0038022813688212928
28,32,0.0038022813688212928
34,39,0.0038022813688212928
56,59,0.003816793893129771
39,45,0.0038461538461538464
35,59,0.0038461538461538464
22,26,0.0038461538461538464
1,42,0.0038461538461538464
40,64,0.003875968992248062
29,33,0.003875968992248062
8,48,0.003875968992248062
25,57,0.003875968992248062
23,54,0.0038910505836575876
59,64,0.0038910505836575876
23,27,0.0038910505836575876
34,59,0.0038910505836575876
14,18,0.0038910505836575876
8,47,0.00390625
26,58,0.00390625
37,43,0.00390625
30,63,0.00390625
32,38,0.00392156862745098
31,37,0.00392156862745098
48,51,0.00392156862745098
30,35,0.00392156862745098
50,53,0.003937007874015748
39,61,0.003952569169960474
39,46,0.003952569169960474
4,47,0.003952569169960474
32,58,0.003952569169960474
49,52,0.003952569169960474
2,33,0.003968253968253968
35,40,0.00398406374501992
55,58,0.004016064257028112
36,59,0.004032258064516129
38,60,0.004048582995951417
57,60,0.004048582995951417
31,64,0.004048582995951417
1,41,0.004048582995951417
30,38,0.0040650406504065045
39,60,0.0040650406504065045
24,54,0.0040650406504065045
25,29,0.0040650406504065045
45,49,0.0040650406504065045
3,36,0.004081632653061225
6,40,0.004081632653061225
12,15,0.004081632653061225
32,39,0.004098360655737705
38,44,0.004098360655737705
1,59,0.004098360655737705
39,62,0.004098360655737705
58,62,0.004098360655737705
3,63,0.004098360655737705
2,32,0.004098360655737705
27,55,0.004132231404958678
41,48,0.004132231404958678
2,44,0.004132231404958678
30,36,0.004132231404958678
24,28,0.004166666666666667
21,52,0.004166666666666667
43,49,0.004166666666666667
3,62,0.004166666666666667
4,64,0.004166666666666667
8,46,0.004166666666666667
3,61,0.0041841004184100415
44,49,0.0041841004184100415
53,56,0.004201680672268907
5,8,0.004201680672268907
46,50,0.004219409282700422
4,60,0.004219409282700422
22,53,0.00423728813559322
40,47,0.00425531914893617
36,42,0.004273504273504274
33,40,0.004273504273504274
5,38,0.004273504273504274
2,59,0.004273504273504274
9,48,0.004291845493562232
17,20,0.004291845493562232
31,39,0.004291845493562232
40,63,0.004291845493562232
3,7,0.004291845493562232
57,61,0.004310344827586207
10,51,0.004310344827586207
31,38,0.004310344827586207
9,12,0.004310344827586207
18,22,0.004310344827586207
54,57,0.004310344827586207
24,55,0.004310344827586207
9,49,0.004310344827586207
20,24,0.004310344827586207
4,63,0.004310344827586207
42,64,0.004310344827586207
21,25,0.004329004329004329
30,57,0.004329004329004329
30,64,0.004347826086956522
30,37,0.004347826086956522
3,46,0.004347826086956522
8,45,0.004366812227074236
36,41,0.004366812227074236
29,56,0.004366812227074236
3,60,0.0043859649122807015
41,64,0.0043859649122807015
30,39,0.004424778761061947
7,41,0.004424778761061947
1,5,0.004424778761061947
27,60,0.004424778761061947
37,44,0.004424778761061947
1,31,0.004424778761061947
37,59,0.004424778761061947
29,34,0.0044444444444444444
23,28,0.0044444444444444444
4,8,0.0044444444444444444
6,39,0.0044444444444444444
40,61,0.004464285714285714
41,61,0.004464285714285714
58,63,0.004464285714285714
38,45,0.004464285714285714
10,50,0.004464285714285714
30,40,0.004484304932735426
3,59,0.004484304932735426
58,64,0.004484304932735426
21,53,0.0045045045045045045
25,30,0.0045045045045045045
9,50,0.0045045045045045045
42,61,0.0045045045045045045
28,33,0.004524886877828055
47,51,0.004524886877828055
8,49,0.004524886877828055
33,58,0.004524886877828055
2,45,0.004524886877828055
28,34,0.004524886877828055
25,54,0.004524886877828055
28,61,0.004545454545454545
32,40,0.004545454545454545
1,43,0.004545454545454545
37,45,0.004545454545454545
27,32,0.004545454545454545
41,63,0.004545454545454545
3,35,0.0045662100456621
21,26,0.0045662100456621
20,52,0.0045871559633027525
29,62,0.0045871559633027525
35,41,0.0045871559633027525
7,49,0.0045871559633027525
28,36,0.0045871559633027525
34,40,0.0045871559633027525
40,62,0.004608294930875576
2,58,0.004608294930875576
19,23,0.004608294930875576
26,54,0.004608294930875576
4,62,0.004629629629629629
4,61,0.004629629629629629
2,6,0.004629629629629629
35,42,0.004651162790697674
39,47,0.004672897196261682
3,33,0.004672897196261682
24,56,0.004672897196261682
26,31,0.004694835680751174
25,58,0.004694835680751174
51,54,0.0047169811320754715
42,60,0.0047169811320754715
23,53,0.0047169811320754715
39,59,0.0047169811320754715
10,13,0.004739336492890996
4,36,0.004739336492890996
31,40,0.004739336492890996
5,48,0.004739336492890996
29,63,0.004739336492890996
26,59,0.004739336492890996
33,42,0.004761904761904762
42,49,0.004761904761904762
8,11,0.004761904761904762
20,25,0.004761904761904762
17,21,0.004761904761904762
40,48,0.004761904761904762
48,52,0.004784688995215311
29,35,0.004784688995215311
4,59,0.004784688995215311
33,41,0.004784688995215311
36,43,0.004807692307692308
36,58,0.004807692307692308
28,62,0.004807692307692308
38,59,0.004807692307692308
22,54,0.004807692307692308
11,51,0.004807692307692308
49,53,0.004807692307692308
22,52,0.004807692307692308
5,37,0.004830917874396135
24,53,0.004830917874396135
22,27,0.004830917874396135
6,49,0.0048543689320388345
4,48,0.0048543689320388345
1,58,0.0048543689320388345
4,35,0.0048543689320388345
41,60,0.004878048780487805
56,60,0.004878048780487805
40,60,0.004878048780487805
15,19,0.004878048780487805
8,44,0.004878048780487805
34,42,0.004878048780487805
41,62,0.004878048780487805
3,47,0.004901960784313725
12,52,0.004901960784313725
2,31,0.004901960784313725
35,58,0.004901960784313725
31,57,0.0049261083743842365
28,35,0.0049261083743842365
29,37,0.0049261083743842365
43,64,0.0049261083743842365
7,40,0.0049504950495049506
29,36,0.0049504950495049506
23,55,0.0049504950495049506
5,64,0.004975124378109453
30,56,0.005
34,58,0.005
6,10,0.005025125628140704
38,46,0.005025125628140704
8,12,0.005050505050505051
38,47,0.005050505050505051
28,55,0.005050505050505051
2,30,0.005050505050505051
42,62,0.005050505050505051
28,63,0.005076142131979695
56,61,0.005076142131979695
48,53,0.005076142131979695
2,46,0.00510204081632653
3,34,0.00510204081632653
10,48,0.00510204081632653
11,52,0.00510204081632653
4,58,0.005128205128205128
55,59,0.005128205128205128
42,63,0.005128205128205128
32,41,0.005128205128205128
13,17,0.005128205128205128
4,30,0.005128205128205128
8,43,0.005128205128205128
46,60,0.005128205128205128
47,60,0.005154639175257732
5,36,0.005154639175257732
44,50,0.005154639175257732
37,46,0.0051813471502590676
54,58,0.0051813471502590676
22,28,0.005208333333333333
28,39,0.005208333333333333
9,47,0.005208333333333333
1,44,0.005208333333333333
28,64,0.005208333333333333
6,38,0.005235602094240838
43,50,0.005235602094240838
24,29,0.005263157894736842
20,53,0.005263157894736842
1,30,0.005263157894736842
35,43,0.005263157894736842
40,59,0.005263157894736842
10,49,0.005291005291005291
47,52,0.005291005291005291
34,41,0.005291005291005291
9,46,0.005291005291005291
44,60,0.005291005291005291
20,26,0.005319148936170213
27,61,0.005319148936170213
40,58,0.005319148936170213
19,24,0.005319148936170213
4,33,0.005319148936170213
29,64,0.005319148936170213
27,33,0.0053475935828877
38,58,0.0053475935828877
25,59,0.0053475935828877
29,38,0.0053475935828877
27,35,0.0053475935828877
44,64,0.0053475935828877
35,44,0.0053475935828877
28,37,0.0053475935828877
45,60,0.005376344086021506
19,51,0.005376344086021506
31,42,0.005376344086021506
2,7,0.005376344086021506
34,43,0.005376344086021506
25,31,0.005376344086021506
30,42,0.005376344086021506
32,57,0.005405405405405406
21,54,0.005405405405405406
36,44,0.005405405405405406
3,58,0.005434782608695652
5,9,0.005434782608695652
11,15,0.005434782608695652
43,60,0.005434782608695652
52,56,0.005434782608695652
43,61,0.00546448087431694
43,62,0.00546448087431694
5,61,0.00546448087431694
37,58,0.00546448087431694
32,42,0.00546448087431694
31,41,0.005494505494505495
3,30,0.005494505494505495
47,53,0.005494505494505495
28,38,0.005494505494505495
39,58,0.0055248618784530384
21,27,0.0055248618784530384
45,50,0.0055248618784530384
23,56,0.0055248618784530384
4,57,0.0055248618784530384
3,8,0.005555555555555556
29,40,0.005555555555555556
27,54,0.005555555555555556
41,49,0.005555555555555556
3,32,0.005555555555555556
17,22,0.005555555555555556
42,50,0.00558659217877095
23,52,0.00558659217877095
25,53,0.00558659217877095
23,29,0.00558659217877095
24,57,0.00558659217877095
50,54,0.00558659217877095
33,43,0.00558659217877095
42,58,0.0056179775280898875
54,59,0.0056179775280898875
42,59,0.0056179775280898875
5,60,0.0056179775280898875
2,57,0.0056179775280898875
4,32,0.0056179775280898875
29,39,0.0056179775280898875
5,62,0.0056179775280898875
5,35,0.0056179775280898875
10,21,0.0056179775280898875
37,47,0.0056179775280898875
57,62,0.0056179775280898875
20,51,0.005649717514124294
28,40,0.005649717514124294
1,57,0.005649717514124294
43,63,0.005649717514124294
4,31,0.005649717514124294
44,61,0.005649717514124294
41,59,0.005649717514124294
21,51,0.005681818181818182
11,50,0.005681818181818182
2,28,0.005681818181818182
12,51,0.005681818181818182
55,60,0.005681818181818182
36,45,0.005714285714285714
16,20,0.005714285714285714
41,58,0.005714285714285714
5,63,0.005714285714285714
1,29,0.005714285714285714
52,55,0.005714285714285714
10,52,0.005714285714285714
4,56,0.005714285714285714
35,45,0.005714285714285714
10,47,0.005747126436781609
26,32,0.005747126436781609
28,54,0.005747126436781609
20,27,0.005747126436781609
27,34,0.005747126436781609
22,56,0.005747126436781609
2,29,0.005747126436781609
1,6,0.005780346820809248
19,52,0.005780346820809248
53,57,0.005780346820809248
27,36,0.005780346820809248
46,51,0.005813953488372093
3,48,0.005813953488372093
46,61,0.005813953488372093
25,32,0.005813953488372093
4,34,0.005813953488372093
8,42,0.005847953216374269
45,64,0.005847953216374269
4,9,0.005847953216374269
30,41,0.005847953216374269
7,11,0.0058823529411764705
27,40,0.0058823529411764705
6,37,0.0058823529411764705
19,50,0.0058823529411764705
12,16,0.0058823529411764705
2,47,0.0058823529411764705
9,51,0.0058823529411764705
49,54,0.0058823529411764705
8,41,0.0058823529411764705
3,31,0.0058823529411764705
26,53,0.0058823529411764705
12,21,0.005917159763313609
44,63,0.005917159763313609
29,41,0.005917159763313609
27,37,0.005917159763313609
11,21,0.005917159763313609
48,60,0.005917159763313609
8,50,0.005917159763313609
20,50,0.005917159763313609
33,57,0.005917159763313609
26,60,0.005952380952380952
46,52,0.005952380952380952
2,56,0.005952380952380952
9,45,0.005952380952380952
37,57,0.005952380952380952
1,45,0.005988023952095809
44,58,0.005988023952095809
46,63,0.005988023952095809
21,28,0.005988023952095809
48,54,0.005988023952095809
46,64,0.005988023952095809
7,50,0.005988023952095809
34,44,0.005988023952095809
4,28,0.005988023952095809
27,63,0.005988023952095809
47,58,0.006024096385542169
4,29,0.006024096385542169
48,58,0.006024096385542169
36,46,0.006024096385542169
40,53,0.006024096385542169
45,61,0.006024096385542169
25,33,0.006060606060606061
29,55,0.006060606060606061
1,28,0.006060606060606061
48,59,0.006060606060606061
44,62,0.006060606060606061
42,56,0.006060606060606061
27,38,0.006097560975609756
26,33,0.006097560975609756
45,59,0.006097560975609756
55,61,0.006097560975609756
46,58,0.006097560975609756
53,58,0.006097560975609756
20,54,0.006097560975609756
28,42,0.006097560975609756
16,21,0.006097560975609756
39,48,0.006134969325153374
27,62,0.006134969325153374
45,63,0.006134969325153374
56,62,0.006134969325153374
30,43,0.006134969325153374
27,39,0.006172839506172839
7,39,0.006172839506172839
10,20,0.006172839506172839
23,30,0.006172839506172839
57,64,0.006172839506172839
57,63,0.006172839506172839
1,46,0.006172839506172839
46,56,0.006172839506172839
5,49,0.006172839506172839
6,64,0.006172839506172839
28,41,0.006211180124223602
3,57,0.006211180124223602
4,49,0.006211180124223602
18,23,0.006211180124223602
5,34,0.006211180124223602
7,38,0.006211180124223602
49,56,0.00625
46,62,0.00625
49,59,0.00625
26,39,0.00625
52,59,0.00625
31,56,0.00625
39,57,0.00625
43,58,0.00625
5,33,0.00625
20,28,0.006289308176100629
43,59,0.006289308176100629
47,54,0.006289308176100629
3,56,0.006289308176100629
9,44,0.006289308176100629
27,53,0.006289308176100629
43,53,0.006329113924050633
40,57,0.006329113924050633
6,60,0.006329113924050633
49,58,0.006329113924050633
45,58,0.006329113924050633
41,56,0.006369426751592357
33,44,0.006369426751592357
18,49,0.006369426751592357
18,50,0.006369426751592357
18,27,0.006369426751592357
38,57,0.006369426751592357
44,59,0.006369426751592357
54,60,0.006369426751592357
21,50,0.00641025641025641
43,57,0.00641025641025641
5,10,0.00641025641025641
3,29,0.00641025641025641
46,59,0.00641025641025641
47,59,0.00641025641025641
47,63,0.00641025641025641
40,49,0.0064516129032258064
12,22,0.0064516129032258064
12,17,0.0064516129032258064
14,19,0.0064516129032258064
39,56,0.0064516129032258064
35,57,0.0064516129032258064
27,64,0.0064516129032258064
53,60,0.0064516129032258064
47,57,0.0064516129032258064
1,7,0.0064516129032258064
5,58,0.0064516129032258064
4,27,0.006493506493506494
31,43,0.006493506493506494
27,42,0.006493506493506494
18,25,0.006493506493506494
38,48,0.006493506493506494
56,63,0.006493506493506494
9,43,0.006493506493506494
28,47,0.006493506493506494
10,46,0.006535947712418301
22,51,0.006535947712418301
19,28,0.006535947712418301
47,61,0.006535947712418301
21,49,0.006535947712418301
50,56,0.006535947712418301
27,41,0.006535947712418301
2,8,0.006535947712418301
25,34,0.006535947712418301
24,52,0.006535947712418301
54,62,0.006578947368421052
24,30,0.006578947368421052
42,53,0.006578947368421052
32,44,0.006578947368421052
6,50,0.006578947368421052
47,56,0.006578947368421052
12,53,0.006578947368421052
28,46,0.006578947368421052
40,56,0.006578947368421052
41,50,0.006578947368421052
56,64,0.006622516556291391
19,26,0.006622516556291391
26,35,0.006622516556291391
19,25,0.006622516556291391
35,46,0.006622516556291391
45,56,0.006622516556291391
19,53,0.006622516556291391
13,22,0.006622516556291391
46,54,0.006666666666666667
34,46,0.006666666666666667
51,56,0.006666666666666667
26,38,0.006666666666666667
3,27,0.006666666666666667
2,55,0.006666666666666667
22,33,0.006666666666666667
9,52,0.006666666666666667
6,36,0.006666666666666667
29,42,0.006711409395973154
35,47,0.006711409395973154
42,54,0.006711409395973154
7,12,0.006711409395973154
41,53,0.006711409395973154
7,37,0.006711409395973154
18,26,0.006711409395973154
12,20,0.006711409395973154
38,56,0.006711409395973154
13,23,0.006711409395973154
4,10,0.006711409395973154
12,50,0.006711409395973154
34,57,0.006711409395973154
20,49,0.006711409395973154
13,53,0.006711409395973154
5,59,0.006756756756756757
44,57,0.006756756756756757
34,45,0.006756756756756757
32,56,0.006756756756756757
40,54,0.006756756756756757
46,57,0.006756756756756757
37,48,0.006756756756756757
26,37,0.006756756756756757
18,51,0.006756756756756757
18,52,0.006756756756756757
50,58,0.006756756756756757
32,43,0.006756756756756757
21,56,0.006756756756756757
21,55,0.006756756756756757
10,14,0.006756756756756757
7,62,0.006756756756756757
48,56,0.006756756756756757
17,49,0.006756756756756757
6,63,0.006802721088435374
31,44,0.006802721088435374
2,27,0.006802721088435374
41,57,0.006802721088435374
45,62,0.006802721088435374
37,56,0.006802721088435374
26,40,0.006802721088435374
33,46,0.006802721088435374
33,45,0.006802721088435374
25,35,0.006802721088435374
18,24,0.00684931506849315
3,28,0.00684931506849315
50,59,0.00684931506849315
6,62,0.00684931506849315
22,55,0.00684931506849315
4,55,0.006896551724137931
32,55,0.006896551724137931
44,56,0.006896551724137931
37,55,0.006896551724137931
3,26,0.006896551724137931
5,31,0.006896551724137931
25,60,0.006896551724137931
43,52,0.006896551724137931
22,50,0.006896551724137931
30,55,0.006896551724137931
29,54,0.006896551724137931
29,46,0.006896551724137931
31,45,0.006896551724137931
53,61,0.006896551724137931
26,64,0.006896551724137931
23,58,0.006944444444444444
41,55,0.006944444444444444
52,57,0.006944444444444444
39,49,0.006944444444444444
14,54,0.006944444444444444
22,29,0.006944444444444444
16,22,0.006944444444444444
36,57,0.006944444444444444
29,44,0.006944444444444444
47,64,0.006944444444444444
15,20,0.006944444444444444
26,42,0.006944444444444444
26,52,0.006944444444444444
27,46,0.006944444444444444
42,52,0.006944444444444444
17,27,0.006993006993006993
25,61,0.006993006993006993
24,58,0.006993006993006993
11,20,0.006993006993006993
1,56,0.006993006993006993
36,47,0.006993006993006993
23,57,0.006993006993006993
7,61,0.006993006993006993
11,53,0.006993006993006993
46,53,0.006993006993006993
42,57,0.006993006993006993
53,59,0.006993006993006993
45,54,0.006993006993006993
26,61,0.006993006993006993
55,62,0.006993006993006993
44,53,0.007042253521126761
45,55,0.007042253521126761
18,28,0.007042253521126761
7,60,0.007042253521126761
50,55,0.007042253521126761
38,55,0.007042253521126761
49,60,0.007042253521126761
27,47,0.007042253521126761
5,28,0.007042253521126761
48,57,0.007042253521126761
52,58,0.007042253521126761
42,51,0.007042253521126761
7,64,0.007042253521126761
28,43,0.007042253521126761
5,32,0.007042253521126761
54,61,0.0070921985815602835
12,23,0.0070921985815602835
26,41,0.0070921985815602835
5,57,0.0070921985815602835
5,56,0.0070921985815602835
17,56,0.0070921985815602835
29,47,0.0070921985815602835
10,22,0.0070921985815602835
3,9,0.0070921985815602835
29,45,0.0070921985815602835
9,19,0.0070921985815602835
8,40,0.0070921985815602835
5,50,0.0070921985815602835
20,29,0.0070921985815602835
44,52,0.007142857142857143
25,62,0.007142857142857143
27,44,0.007142857142857143
7,63,0.007142857142857143
52,60,0.007142857142857143
32,45,0.007142857142857143
31,55,0.007142857142857143
6,61,0.007142857142857143
46,55,0.007142857142857143
26,36,0.007142857142857143
49,55,0.007142857142857143
41,54,0.007142857142857143
6,11,0.007142857142857143
28,45,0.007194244604316547
24,31,0.007194244604316547
10,19,0.007194244604316547
29,43,0.007194244604316547
11,22,0.007194244604316547
42,55,0.007194244604316547
20,47,0.007194244604316547
33,56,0.007194244604316547
45,57,0.007194244604316547
43,54,0.007194244604316547
43,56,0.007194244604316547
15,54,0.007194244604316547
25,52,0.007194244604316547
41,52,0.007246376811594203
19,27,0.007246376811594203
30,44,0.007246376811594203
26,34,0.007246376811594203
5,29,0.007246376811594203
54,63,0.007246376811594203
48,64,0.007246376811594203
44,51,0.007246376811594203
40,55,0.007246376811594203
5,30,0.0072992700729927005
2,48,0.0072992700729927005
40,52,0.0072992700729927005
15,53,0.0072992700729927005
34,56,0.0072992700729927005
14,22,0.0072992700729927005
45,53,0.0072992700729927005
19,49,0.0072992700729927005
26,47,0.0072992700729927005
6,33,0.0072992700729927005
7,28,0.0072992700729927005
1,27,0.0072992700729927005
26,46,0.007352941176470588
3,49,0.007352941176470588
21,33,0.007352941176470588
4,26,0.007352941176470588
51,59,0.007352941176470588
27,43,0.007352941176470588
17,28,0.007352941176470588
54,64,0.007352941176470588
43,51,0.007352941176470588
45,52,0.007352941176470588
50,60,0.007352941176470588
39,55,0.007352941176470588
28,44,0.007352941176470588
11,16,0.007352941176470588
1,55,0.007407407407407408
22,34,0.007407407407407408
44,55,0.007407407407407408
6,12,0.007407407407407408
18,48,0.007407407407407408
21,47,0.007407407407407408
51,55,0.007407407407407408
50,57,0.007407407407407408
21,48,0.007407407407407408
27,48,0.007407407407407408
9,13,0.007407407407407408
6,30,0.007462686567164179
17,25,0.007462686567164179
26,43,0.007462686567164179
44,54,0.007462686567164179
9,42,0.007462686567164179
13,54,0.007462686567164179
55,63,0.007462686567164179
13,52,0.007462686567164179
3,55,0.007462686567164179
15,48,0.007462686567164179
16,28,0.007462686567164179
49,57,0.007462686567164179
15,21,0.007462686567164179
40,50,0.007462686567164179
23,33,0.007518796992481203
23,51,0.007518796992481203
5,27,0.007518796992481203
15,23,0.007518796992481203
23,47,0.007518796992481203
35,56,0.007518796992481203
45,51,0.007518796992481203
39,54,0.007518796992481203
30,46,0.007518796992481203
55,64,0.007518796992481203
36,56,0.007518796992481203
22,49,0.007518796992481203
10,44,0.007518796992481203
31,46,0.007518796992481203
11,48,0.007518796992481203
48,55,0.007518796992481203
30,45,0.007575757575757576
25,36,0.007575757575757576
10,45,0.007575757575757576
17,26,0.007575757575757576
7,27,0.007575757575757576
22,48,0.007575757575757576
22,30,0.007575757575757576
38,49,0.007575757575757576
5,12,0.007575757575757576
6,58,0.007575757575757576
43,55,0.007575757575757576
5,55,0.007575757575757576
15,47,0.007633587786259542
30,47,0.007633587786259542
38,52,0.007633587786259542
24,33,0.007633587786259542
25,38,0.007633587786259542
10,53,0.007633587786259542
6,56,0.007633587786259542
37,49,0.007633587786259542
6,57,0.007633587786259542
10,43,0.007633587786259542
2,26,0.007692307692307693
23,32,0.007692307692307693
48,63,0.007692307692307693
11,49,0.007692307692307693
48,62,0.007692307692307693
4,54,0.007692307692307693
33,47,0.007692307692307693
1,8,0.007692307692307693
16,48,0.007692307692307693
17,24,0.007692307692307693
27,45,0.007692307692307693
4,50,0.007692307692307693
25,41,0.007692307692307693
11,19,0.007692307692307693
15,22,0.007692307692307693
26,45,0.007692307692307693
6,35,0.007692307692307693
21,32,0.007692307692307693
26,44,0.007751937984496124
3,25,0.007751937984496124
22,31,0.007751937984496124
17,50,0.007751937984496124
29,48,0.007751937984496124
28,49,0.007751937984496124
30,54,0.007751937984496124
26,62,0.0078125
13,18,0.0078125
25,42,0.0078125
25,44,0.0078125
16,23,0.0078125
20,30,0.0078125
25,46,0.0078125
47,62,0.0078125
7,36,0.0078125
2,9,0.0078125
23,31,0.0078125
8,51,0.0078125
18,29,0.007874015748031496
6,28,0.007874015748031496
10,42,0.007874015748031496
27,49,0.007874015748031496
20,48,0.007874015748031496
38,54,0.007874015748031496
27,52,0.007874015748031496
17,54,0.007874015748031496
25,37,0.007874015748031496
35,48,0.007874015748031496
16,54,0.007936507936507936
8,20,0.007936507936507936
21,29,0.007936507936507936
5,11,0.007936507936507936
25,45,0.007936507936507936
26,50,0.007936507936507936
51,58,0.007936507936507936
34,47,0.007936507936507936
4,25,0.007936507936507936
11,17,0.007936507936507936
24,60,0.007936507936507936
24,35,0.007936507936507936
25,50,0.007936507936507936
23,49,0.007936507936507936
5,52,0.008
48,61,0.008
14,24,0.008
26,49,0.008
8,39,0.008
19,48,0.008
3,52,0.008
23,34,0.008
20,55,0.008
20,56,0.008
7,35,0.008
41,51,0.008
22,47,0.008
31,47,0.008
12,49,0.008064516129032258
19,54,0.008064516129032258
1,47,0.008064516129032258
17,55,0.008064516129032258
24,34,0.008064516129032258
7,33,0.008064516129032258
6,53,0.008064516129032258
7,53,0.008064516129032258
6,51,0.008064516129032258
9,20,0.008064516129032258
24,45,0.008130081300813009
33,55,0.008130081300813009
28,53,0.008130081300813009
7,51,0.008130081300813009
14,23,0.008130081300813009
7,31,0.008130081300813009
25,47,0.008130081300813009
24,59,0.008130081300813009
16,27,0.008130081300813009
11,23,0.008130081300813009
32,46,0.008130081300813009
6,34,0.00819672131147541
37,54,0.00819672131147541
39,53,0.00819672131147541
53,62,0.00819672131147541
6,59,0.00819672131147541
14,53,0.00819672131147541
7,59,0.00819672131147541
12,48,0.00819672131147541
3,50,0.00819672131147541
18,53,0.00819672131147541
5,26,0.00819672131147541
25,63,0.00819672131147541
25,40,0.00819672131147541
36,48,0.00819672131147541
25,64,0.00819672131147541
22,32,0.00819672131147541
30,48,0.00819672131147541
16,29,0.008264462809917356
12,19,0.008264462809917356
9,41,0.008264462809917356
12,18,0.008264462809917356
6,27,0.008264462809917356
3,53,0.008264462809917356
6,31,0.008264462809917356
26,63,0.008264462809917356
52,61,0.008264462809917356
19,29,0.008264462809917356
17,29,0.008264462809917356
24,47,0.008264462809917356
39,50,0.008264462809917356
7,52,0.008264462809917356
24,61,0.008264462809917356
25,43,0.008333333333333333
3,10,0.008333333333333333
12,47,0.008333333333333333
51,60,0.008333333333333333
20,31,0.008333333333333333
5,25,0.008333333333333333
17,23,0.008333333333333333
39,52,0.008333333333333333
5,54,0.008333333333333333
28,48,0.008333333333333333
29,53,0.008333333333333333
6,52,0.008333333333333333
22,60,0.008333333333333333
49,63,0.008333333333333333
36,55,0.008333333333333333
26,51,0.008403361344537815
8,37,0.008403361344537815
6,55,0.008403361344537815
49,61,0.008403361344537815
49,64,0.008403361344537815
47,55,0.008403361344537815
23,59,0.008403361344537815
2,54,0.008403361344537815
52,62,0.008403361344537815
19,47,0.008403361344537815
21,30,0.008403361344537815
1,54,0.008403361344537815
17,47,0.008403361344537815
22,35,0.008403361344537815
22,57,0.008403361344537815
51,57,0.00847457627118644
34,55,0.00847457627118644
25,51,0.00847457627118644
35,55,0.00847457627118644
50,61,0.00847457627118644
7,18,0.00847457627118644
28,52,0.008547008547008548
28,50,0.008547008547008548
22,58,0.008547008547008548
25,48,0.008547008547008548
4,52,0.008547008547008548
17,48,0.008547008547008548
21,31,0.008547008547008548
26,48,0.008547008547008548
7,57,0.008547008547008548
19,56,0.008620689655172414
20,32,0.008620689655172414
2,10,0.008620689655172414
1,48,0.008620689655172414
18,47,0.008620689655172414
14,52,0.008620689655172414
15,24,0.008620689655172414
7,58,0.008620689655172414
18,56,0.008620689655172414
2,49,0.008620689655172414
7,19,0.008620689655172414
15,52,0.008620689655172414
6,32,0.008620689655172414
8,13,0.008695652173913044
29,50,0.008695652173913044
15,25,0.008695652173913044
14,47,0.008695652173913044
23,46,0.008695652173913044
23,50,0.008695652173913044
7,54,0.008695652173913044
27,50,0.008695652173913044
38,53,0.008695652173913044
25,39,0.008695652173913044
24,51,0.008695652173913044
25,49,0.008695652173913044
17,57,0.008695652173913044
16,47,0.008695652173913044
40,51,0.008695652173913044
5,53,0.008695652173913044
7,26,0.008695652173913044
23,35,0.008771929824561403
24,42,0.008771929824561403
15,27,0.008771929824561403
2,53,0.008771929824561403
8,21,0.008771929824561403
29,52,0.008771929824561403
38,50,0.008771929824561403
9,21,0.008771929824561403
6,26,0.008771929824561403
9,14,0.008771929824561403
24,48,0.008771929824561403
11,46,0.008771929824561403
7,30,0.008771929824561403
10,41,0.008771929824561403
9,40,0.008771929824561403
16,49,0.008771929824561403
8,53,0.008771929824561403
37,50,0.008771929824561403
16,24,0.008849557522123894
16,25,0.008849557522123894
21,58,0.008849557522123894
22,61,0.008849557522123894
8,38,0.008849557522123894
6,54,0.008849557522123894
4,11,0.008928571428571428
53,63,0.008928571428571428
31,48,0.008928571428571428
8,19,0.008928571428571428
24,32,0.008928571428571428
24,50,0.008928571428571428
11,42,0.008928571428571428
10,15,0.008928571428571428
11,47,0.008928571428571428
24,41,0.009009009009009009
21,34,0.009009009009009009
8,52,0.009009009009009009
33,48,0.009009009009009009
17,51,0.009009009009009009
23,60,0.009009009009009009
7,56,0.009009009009009009
35,54,0.009009009009009009
24,46,0.009009009009009009
23,61,0.009009009009009009
24,43,0.00909090909090909
19,55,0.00909090909090909
13,21,0.00909090909090909
19,30,0.00909090909090909
1,9,0.00909090909090909
32,47,0.00909090909090909
4,12,0.00909090909090909
6,29,0.00909090909090909
24,49,0.00909090909090909
9,53,0.00909090909090909
11,43,0.00909090909090909
15,26,0.00909090909090909
23,48,0.00909090909090909
11,18,0.00909090909090909
21,59,0.009174311926605505
4,53,0.009174311926605505
38,51,0.009174311926605505
34,48,0.009174311926605505
24,64,0.009174311926605505
37,52,0.009174311926605505
7,55,0.009174311926605505
18,54,0.009174311926605505
24,37,0.009174311926605505
1,26,0.009174311926605505
33,54,0.009174311926605505
51,61,0.009174311926605505
36,49,0.009259259259259259
20,59,0.009259259259259259
6,24,0.009259259259259259
8,60,0.009259259259259259
9,60,0.009259259259259259
22,40,0.009259259259259259
8,27,0.009259259259259259
29,49,0.009259259259259259
21,35,0.009259259259259259
2,25,0.009259259259259259
23,62,0.009345794392523364
24,36,0.009345794392523364
30,53,0.009345794392523364
15,49,0.009345794392523364
5,51,0.009345794392523364
8,63,0.009345794392523364
53,64,0.009345794392523364
13,24,0.009345794392523364
17,52,0.009433962264150943
20,58,0.009433962264150943
21,57,0.009433962264150943
9,39,0.009433962264150943
16,50,0.009433962264150943
16,55,0.009433962264150943
15,55,0.009433962264150943
14,46,0.009433962264150943
14,21,0.009433962264150943
10,18,0.009433962264150943
6,25,0.009433962264150943
12,45,0.009433962264150943
12,46,0.009433962264150943
2,11,0.009523809523809525
17,53,0.009523809523809525
22,59,0.009523809523809525
30,49,0.009523809523809525
31,54,0.009523809523809525
7,29,0.009523809523809525
22,43,0.009523809523809525
13,19,0.009523809523809525
8,58,0.009523809523809525
16,26,0.009523809523809525
2,52,0.009523809523809525
51,64,0.009523809523809525
24,63,0.009523809523809525
21,43,0.009615384615384616
9,15,0.009615384615384616
36,54,0.009615384615384616
22,42,0.009615384615384616
23,43,0.009615384615384616
7,20,0.009615384615384616
7,13,0.009615384615384616
18,30,0.009615384615384616
1,25,0.009708737864077669
7,32,0.009708737864077669
50,62,0.009708737864077669
24,38,0.009708737864077669
33,49,0.009708737864077669
23,37,0.009708737864077669
35,49,0.009708737864077669
19,31,0.009708737864077669
15,46,0.009708737864077669
22,46,0.00980392156862745
12,60,0.00980392156862745
12,24,0.00980392156862745
23,64,0.00980392156862745
5,24,0.00980392156862745
8,18,0.00980392156862745
8,17,0.00980392156862745
15,28,0.00980392156862745
7,23,0.00980392156862745
16,56,0.00980392156862745
14,48,0.00980392156862745
23,36,0.009900990099009901
21,46,0.009900990099009901
5,21,0.009900990099009901
4,24,0.009900990099009901
13,20,0.009900990099009901
14,20,0.009900990099009901
7,21,0.009900990099009901
27,51,0.009900990099009901
23,63,0.009900990099009901
8,61,0.009900990099009901
51,62,0.009900990099009901
8,57,0.009900990099009901
21,60,0.01
10,23,0.01
9,18,0.01
21,63,0.01
4,22,0.01
15,50,0.01
3,51,0.01
3,54,0.01
8,54,0.01
20,33,0.01
50,64,0.01
8,22,0.01
9,59,0.010101010101010102
23,39,0.010101010101010102
23,40,0.010101010101010102
9,64,0.010101010101010102
8,28,0.010101010101010102
7,34,0.010101010101010102
4,13,0.010101010101010102
20,42,0.010101010101010102
16,52,0.010101010101010102
24,40,0.010101010101010102
31,49,0.010101010101010102
9,58,0.010101010101010102
8,29,0.010101010101010102
20,34,0.010101010101010102
12,44,0.010101010101010102
12,54,0.010101010101010102
4,23,0.010101010101010102
21,36,0.010101010101010102
11,54,0.01020408163265306
37,53,0.01020408163265306
6,21,0.01020408163265306
12,42,0.01020408163265306
16,53,0.01020408163265306
10,64,0.01020408163265306
23,38,0.01020408163265306
10,60,0.01020408163265306
22,64,0.01020408163265306
11,60,0.01020408163265306
8,64,0.01020408163265306
7,17,0.01020408163265306
12,41,0.01020408163265306
50,63,0.01020408163265306
21,45,0.010309278350515464
9,22,0.010309278350515464
2,23,0.010309278350515464
36,53,0.010309278350515464
19,37,0.010309278350515464
19,58,0.010309278350515464
10,40,0.010309278350515464
6,19,0.010309278350515464
6,22,0.010309278350515464
10,17,0.010309278350515464
24,62,0.010309278350515464
11,44,0.010416666666666666
24,39,0.010416666666666666
31,53,0.010416666666666666
9,54,0.010416666666666666
49,62,0.010416666666666666
21,37,0.010416666666666666
4,18,0.010416666666666666
22,63,0.010416666666666666
12,43,0.010416666666666666
28,51,0.010416666666666666
39,51,0.010416666666666666
11,45,0.010526315789473684
24,44,0.010526315789473684
7,25,0.010526315789473684
32,48,0.010526315789473684
9,38,0.010526315789473684
21,64,0.010526315789473684
20,45,0.010526315789473684
14,29,0.010526315789473684
34,52,0.010526315789473684
36,50,0.010526315789473684
20,46,0.010526315789473684
16,30,0.010526315789473684
8,59,0.010526315789473684
21,42,0.010526315789473684
22,44,0.010526315789473684
4,51,0.010638297872340425
6,13,0.010638297872340425
22,45,0.010638297872340425
35,53,0.010638297872340425
37,51,0.010638297872340425
19,46,0.010638297872340425
14,28,0.010638297872340425
20,57,0.010638297872340425
7,22,0.010638297872340425
8,36,0.010638297872340425
10,54,0.010638297872340425
22,39,0.010638297872340425
32,54,0.010638297872340425
9,24,0.010638297872340425
52,63,0.010638297872340425
34,49,0.010638297872340425
17,30,0.010752688172043012
3,22,0.010752688172043012
3,24,0.010752688172043012
15,51,0.010752688172043012
2,50,0.010752688172043012
15,29,0.010752688172043012
30,52,0.010752688172043012
33,52,0.010752688172043012
4,21,0.010752688172043012
11,41,0.010752688172043012
22,36,0.010752688172043012
19,38,0.010752688172043012
14,25,0.010752688172043012
34,54,0.010752688172043012
3,23,0.010752688172043012
9,28,0.010752688172043012
8,35,0.010752688172043012
8,56,0.010869565217391304
8,30,0.010869565217391304
8,15,0.010869565217391304
8,62,0.010869565217391304
7,24,0.010869565217391304
18,41,0.010869565217391304
14,26,0.010869565217391304
20,39,0.010869565217391304
13,51,0.010869565217391304
18,31,0.010869565217391304
3,11,0.010869565217391304
6,18,0.010869565217391304
23,41,0.010869565217391304
20,60,0.010869565217391304
17,46,0.01098901098901099
18,37,0.01098901098901099
16,59,0.01098901098901099
15,56,0.01098901098901099
15,58,0.01098901098901099
1,10,0.01098901098901099
22,41,0.01098901098901099
20,37,0.01098901098901099
51,63,0.01098901098901099
23,42,0.01098901098901099
31,50,0.01098901098901099
2,12,0.01098901098901099
4,20,0.01098901098901099
19,57,0.01098901098901099
19,44,0.01098901098901099
14,27,0.01098901098901099
33,53,0.011111111111111112
4,17,0.011111111111111112
22,38,0.011111111111111112
10,24,0.011111111111111112
9,33,0.011111111111111112
1,53,0.011111111111111112
19,42,0.011111111111111112
19,39,0.011111111111111112
15,45,0.011111111111111112
35,50,0.011111111111111112
14,45,0.011111111111111112
18,42,0.011111111111111112
21,38,0.011235955056179775
19,45,0.011235955056179775
3,12,0.011235955056179775
10,28,0.011235955056179775
10,58,0.011235955056179775
17,45,0.011235955056179775
9,36,0.011235955056179775
9,37,0.011235955056179775
4,19,0.011235955056179775
10,59,0.011235955056179775
21,40,0.011235955056179775
52,64,0.011235955056179775
8,34,0.011235955056179775
6,23,0.011235955056179775
13,50,0.011235955056179775
14,50,0.011235955056179775
21,44,0.011235955056179775
8,23,0.011363636363636364
30,50,0.011363636363636364
14,49,0.011363636363636364
21,41,0.011363636363636364
21,61,0.011363636363636364
2,21,0.011363636363636364
23,45,0.011363636363636364
3,21,0.011363636363636364
18,64,0.011363636363636364
10,26,0.011363636363636364
2,51,0.011363636363636364
5,23,0.011363636363636364
9,56,0.011363636363636364
9,62,0.011494252873563218
10,16,0.011494252873563218
11,24,0.011494252873563218
14,59,0.011494252873563218
9,57,0.011494252873563218
17,42,0.011494252873563218
16,46,0.011494252873563218
10,25,0.011494252873563218
2,22,0.011494252873563218
9,17,0.011494252873563218
17,64,0.011494252873563218
19,35,0.011494252873563218
6,17,0.011494252873563218
13,46,0.011494252873563218
12,61,0.011494252873563218
29,51,0.011627906976744186
13,43,0.011627906976744186
12,25,0.011627906976744186
16,57,0.011627906976744186
32,53,0.011627906976744186
22,37,0.011627906976744186
20,43,0.011627906976744186
10,36,0.011627906976744186
5,19,0.011627906976744186
18,55,0.011627906976744186
18,45,0.011764705882352941
20,44,0.011764705882352941
18,44,0.011764705882352941
18,46,0.011764705882352941
19,32,0.011764705882352941
20,64,0.011764705882352941
34,50,0.011764705882352941
36,51,0.011764705882352941
20,61,0.011764705882352941
12,26,0.011764705882352941
10,57,0.011764705882352941
17,43,0.011764705882352941
10,62,0.011764705882352941
13,49,0.011764705882352941
8,14,0.011764705882352941
13,48,0.011764705882352941
13,45,0.011764705882352941
10,27,0.011764705882352941
13,47,0.011904761904761904
8,25,0.011904761904761904
13,25,0.011904761904761904
10,35,0.011904761904761904
17,58,0.011904761904761904
5,18,0.011904761904761904
5,22,0.011904761904761904
33,50,0.011904761904761904
35,52,0.011904761904761904
18,57,0.011904761904761904
20,41,0.011904761904761904
9,35,0.011904761904761904
19,64,0.011904761904761904
14,51,0.011904761904761904
14,58,0.011904761904761904
8,33,0.011904761904761904
8,55,0.011904761904761904
23,44,0.011904761904761904
22,62,0.011904761904761904
11,59,0.011904761904761904
8,16,0.012048192771084338
13,41,0.012048192771084338
13,42,0.012048192771084338
5,13,0.012048192771084338
17,38,0.012048192771084338
2,24,0.012048192771084338
19,43,0.012048192771084338
1,49,0.012048192771084338
10,61,0.012048192771084338
16,64,0.012048192771084338
16,58,0.012048192771084338
20,63,0.012048192771084338
9,23,0.012048192771084338
11,25,0.012048192771084338
20,40,0.012195121951219513
17,37,0.012195121951219513
9,30,0.012195121951219513
9,55,0.012195121951219513
9,61,0.012195121951219513
35,51,0.012195121951219513
16,60,0.012195121951219513
10,38,0.012195121951219513
12,59,0.012195121951219513
1,11,0.012195121951219513
10,56,0.012195121951219513
10,63,0.012345679012345678
14,44,0.012345679012345678
8,26,0.012345679012345678
6,20,0.012345679012345678
4,16,0.012345679012345678
9,63,0.012345679012345678
18,59,0.012345679012345678
3,19,0.012345679012345678
21,39,0.012345679012345678
11,64,0.012345679012345678
32,49,0.012345679012345678
2,17,0.012345679012345678
14,60,0.012345679012345678
16,36,0.0125
15,30,0.0125
16,45,0.0125
15,38,0.0125
17,41,0.0125
34,53,0.0125
9,27,0.0125
20,38,0.0125
36,52,0.0125
19,41,0.0125
3,20,0.0125
19,59,0.0125
18,38,0.0125
7,15,0.0125
11,61,0.0125
13,26,0.0125
18,58,0.012658227848101266
1,22,0.012658227848101266
17,44,0.012658227848101266
9,26,0.012658227848101266
19,40,0.012658227848101266
2,19,0.012658227848101266
12,28,0.012658227848101266
17,59,0.012658227848101266
10,30,0.012658227848101266
16,51,0.012658227848101266
15,60,0.012658227848101266
15,44,0.012658227848101266
15,59,0.012658227848101266
13,44,0.012658227848101266
8,31,0.012658227848101266
14,30,0.012658227848101266
11,55,0.012658227848101266
21,62,0.01282051282051282
17,60,0.01282051282051282
20,36,0.01282051282051282
19,60,0.01282051282051282
10,39,0.01282051282051282
3,18,0.01282051282051282
12,38,0.01282051282051282
12,58,0.01282051282051282
1,24,0.01282051282051282
1,52,0.012987012987012988
14,55,0.012987012987012988
11,62,0.012987012987012988
17,31,0.012987012987012988
16,44,0.012987012987012988
11,38,0.012987012987012988
16,31,0.012987012987012988
11,56,0.012987012987012988
12,63,0.012987012987012988
8,32,0.012987012987012988
14,43,0.013157894736842105
14,41,0.013157894736842105
7,14,0.013157894736842105
18,40,0.013157894736842105
10,37,0.013157894736842105
17,61,0.013157894736842105
20,35,0.013157894736842105
9,16,0.013157894736842105
34,51,0.013333333333333334
18,39,0.013333333333333334
19,36,0.013333333333333334
8,24,0.013333333333333334
11,57,0.013333333333333334
11,40,0.013333333333333334
11,26,0.013333333333333334
11,28,0.013333333333333334
3,17,0.013333333333333334
12,39,0.013333333333333334
13,38,0.013333333333333334
6,14,0.013513513513513514
18,43,0.013513513513513514
9,29,0.013513513513513514
20,62,0.013513513513513514
3,13,0.013513513513513514
14,38,0.013513513513513514
13,28,0.013513513513513514
31,51,0.013513513513513514
2,20,0.013513513513513514
12,62,0.0136986301369863
1,20,0.0136986301369863
14,61,0.0136986301369863
13,61,0.0136986301369863
11,27,0.0136986301369863
9,34,0.0136986301369863
17,32,0.0136986301369863
15,62,0.0136986301369863
18,36,0.0136986301369863
19,33,0.0136986301369863
19,63,0.0136986301369863
1,23,0.0136986301369863
17,63,0.0136986301369863
11,58,0.013888888888888888
30,51,0.013888888888888888
12,40,0.013888888888888888
14,42,0.013888888888888888
5,17,0.013888888888888888
12,27,0.013888888888888888
17,39,0.013888888888888888
19,61,0.013888888888888888
3,15,0.013888888888888888
15,57,0.013888888888888888
17,36,0.014084507042253521
11,36,0.014084507042253521
11,63,0.014084507042253521
4,15,0.014084507042253521
11,39,0.014084507042253521
12,31,0.014084507042253521
12,33,0.014084507042253521
7,16,0.014084507042253521
12,36,0.014084507042253521
16,40,0.014084507042253521
10,29,0.014084507042253521
12,56,0.014285714285714285
2,13,0.014285714285714285
15,31,0.014285714285714285
5,20,0.014285714285714285
17,40,0.014285714285714285
16,42,0.014285714285714285
15,63,0.014285714285714285
15,39,0.014492753623188406
10,31,0.014492753623188406
15,41,0.014492753623188406
16,41,0.014492753623188406
10,34,0.014492753623188406
15,42,0.014492753623188406
1,19,0.014492753623188406
13,55,0.014492753623188406
11,30,0.014492753623188406
13,60,0.014492753623188406
12,29,0.014492753623188406
18,63,0.014705882352941176
10,33,0.014705882352941176
18,60,0.014705882352941176
1,51,0.014705882352941176
11,31,0.014705882352941176
1,21,0.014705882352941176
14,63,0.014705882352941176
5,14,0.014925373134328358
12,30,0.014925373134328358
13,30,0.014925373134328358
12,64,0.014925373134328358
32,50,0.014925373134328358
1,50,0.014925373134328358
3,16,0.014925373134328358
18,35,0.014925373134328358
16,37,0.014925373134328358
11,34,0.014925373134328358
5,15,0.014925373134328358
4,14,0.014925373134328358
15,61,0.015151515151515152
16,38,0.015151515151515152
16,43,0.015151515151515152
10,55,0.015151515151515152
6,16,0.015151515151515152
3,14,0.015151515151515152
33,51,0.015151515151515152
9,25,0.015151515151515152
18,32,0.015151515151515152
31,52,0.015151515151515152
11,29,0.015151515151515152
6,15,0.015151515151515152
12,35,0.015151515151515152
13,27,0.015384615384615385
2,15,0.015384615384615385
12,57,0.015384615384615385
13,29,0.015384615384615385
1,17,0.015384615384615385
9,31,0.015384615384615385
16,32,0.015384615384615385
19,34,0.015384615384615385
14,62,0.015625
12,34,0.015625
12,37,0.015625
11,33,0.015625
15,43,0.015625
15,36,0.015625
14,64,0.015625
15,35,0.015873015873015872
12,55,0.015873015873015872
14,31,0.015873015873015872
16,61,0.015873015873015872
32,51,0.015873015873015872
2,18,0.015873015873015872
13,40,0.015873015873015872
32,52,0.015873015873015872
14,39,0.015873015873015872
11,37,0.015873015873015872
13,64,0.015873015873015872
2,14,0.016129032258064516
13,39,0.016129032258064516
14,37,0.016129032258064516
13,62,0.016129032258064516
2,16,0.016129032258064516
16,63,0.016129032258064516
17,33,0.016129032258064516
1,15,0.016129032258064516
1,18,0.016129032258064516
13,56,0.01639344262295082
13,37,0.01639344262295082
17,62,0.01639344262295082
16,39,0.01639344262295082
17,35,0.01639344262295082
5,16,0.016666666666666666
10,32,0.016666666666666666
13,31,0.016666666666666666
16,35,0.016666666666666666
15,64,0.016666666666666666
18,62,0.016666666666666666
19,62,0.016666666666666666
14,35,0.016666666666666666
16,62,0.01694915254237288
9,32,0.01694915254237288
11,35,0.01694915254237288
18,61,0.017241379310344827
14,34,0.017241379310344827
15,37,0.017241379310344827
14,57,0.017241379310344827
11,32,0.017241379310344827
18,34,0.017241379310344827
1,14,0.017543859649122806
16,33,0.017543859649122806
13,59,0.017543859649122806
13,63,0.017543859649122806
14,56,0.017857142857142856
13,58,0.017857142857142856
14,36,0.017857142857142856
14,40,0.01818181818181818
15,40,0.01818181818181818
13,32,0.018518518518518517
14,33,0.018518518518518517
13,57,0.018518518518518517
12,32,0.018518518518518517
1,12,0.018867924528301886
1,13,0.018867924528301886
1,16,0.019230769230769232
17,34,0.0196078431372549
15,33,0.0196078431372549
18,33,0.02
16,34,0.02
15,34,0.02040816326530612
14,32,0.020833333333333332
13,33,0.02127659574468085
13,36,0.02127659574468085
15,32,0.02127659574468085
13,34,0.022727272727272728
13,35,0.024390243902439025
